City_ID,City,Lat,Lng,Max Temp,Humidity,Cloudiness,Wind Speed,Country,Date,Description
0,Mataura,-46.1927,168.8643,70.75,52,100,4.85,NZ,2021-10-25 00:48:32,overcast clouds
1,Black River,18.0264,-77.8487,82.4,80,37,4.85,JM,2021-10-25 00:48:33,scattered clouds
2,Clyde River,70.4692,-68.5914,12.87,77,97,4.65,CA,2021-10-25 00:47:15,overcast clouds
3,Alekseyevsk,57.8406,108.3492,39.22,91,100,12.53,RU,2021-10-25 00:48:33,overcast clouds
4,Bluff,-46.6,168.3333,57.72,81,99,11.92,NZ,2021-10-25 00:48:33,overcast clouds
5,Avarua,-21.2078,-159.775,77.05,53,20,12.66,CK,2021-10-25 00:48:34,few clouds
6,Albany,42.6001,-73.9662,51.8,84,96,2.08,US,2021-10-25 00:48:34,overcast clouds
7,Ushuaia,-54.8,-68.3,33.46,80,75,28.77,AR,2021-10-25 00:44:36,light snow
8,Los Llanos De Aridane,28.6585,-17.9182,67.75,88,90,8.05,ES,2021-10-25 00:48:35,overcast clouds
9,Rikitea,-23.1203,-134.9692,74.79,76,25,17.4,PF,2021-10-25 00:46:29,scattered clouds
10,Xixiang,35.1628,112.865,60.15,59,92,3.78,CN,2021-10-25 00:48:35,overcast clouds
11,Vaini,-21.2,-175.2,78.96,78,20,13.8,TO,2021-10-25 00:48:36,few clouds
12,Sao Filipe,14.8961,-24.4956,78.12,70,32,10.58,CV,2021-10-25 00:48:37,scattered clouds
13,Cape Town,-33.9258,18.4232,58.26,69,0,1.99,ZA,2021-10-25 00:47:52,clear sky
14,Qaanaaq,77.484,-69.3632,-5.22,60,0,10.27,GL,2021-10-25 00:48:37,clear sky
15,Busselton,-33.65,115.3333,57.58,65,100,10.42,AU,2021-10-25 00:48:37,overcast clouds
16,Thompson,55.7435,-97.8558,30.36,86,75,4.61,CA,2021-10-25 00:48:38,light snow
17,Richards Bay,-28.783,32.0377,63.23,69,84,3.36,ZA,2021-10-25 00:48:38,broken clouds
18,Kavaratti,10.5669,72.642,81.34,78,100,10.85,IN,2021-10-25 00:47:48,overcast clouds
19,Tasiilaq,65.6145,-37.6368,30.36,85,100,47.8,GL,2021-10-25 00:48:38,snow
20,Shelburne,44.0787,-80.2041,48.56,83,100,4.72,CA,2021-10-25 00:45:18,overcast clouds
21,Jamestown,42.097,-79.2353,51.3,99,90,1.99,US,2021-10-25 00:48:20,moderate rain
22,Russell,32.3502,-85.1999,69.4,83,40,0.0,US,2021-10-25 00:45:18,scattered clouds
23,Parrita,9.5201,-84.3225,82.17,92,100,4.27,CR,2021-10-25 00:48:39,overcast clouds
24,Khatanga,71.9667,102.5,0.23,89,99,16.37,RU,2021-10-25 00:48:40,overcast clouds
25,Port Blair,11.6667,92.75,81.18,78,100,5.95,IN,2021-10-25 00:48:40,overcast clouds
26,Hermanus,-34.4187,19.2345,53.91,77,0,9.53,ZA,2021-10-25 00:48:40,clear sky
27,Nyuksenitsa,60.4128,44.2397,26.11,95,38,6.73,RU,2021-10-25 00:48:41,scattered clouds
28,Ilulissat,69.2167,-51.1,1.36,74,85,6.85,GL,2021-10-25 00:48:41,overcast clouds
29,Mar Del Plata,-38.0023,-57.5575,64.09,56,0,5.99,AR,2021-10-25 00:46:34,clear sky
30,Port Alfred,-33.5906,26.891,57.34,81,0,11.56,ZA,2021-10-25 00:48:42,clear sky
31,Saint-Philippe,-21.3585,55.7679,71.19,83,45,14.52,RE,2021-10-25 00:43:51,scattered clouds
32,San Policarpo,12.1791,125.5072,83.75,73,100,5.46,PH,2021-10-25 00:48:42,overcast clouds
33,Saint George,37.1041,-113.5841,72.19,34,1,1.01,US,2021-10-25 00:48:42,clear sky
34,Geraldton,-28.7667,114.6,68.41,64,90,12.66,AU,2021-10-25 00:48:43,overcast clouds
35,Provideniya,64.3833,-173.3,26.71,59,0,4.47,RU,2021-10-25 00:48:43,clear sky
36,Saskylakh,71.9167,114.0833,-17.21,100,57,2.95,RU,2021-10-25 00:48:43,broken clouds
37,Port Elizabeth,-33.918,25.5701,50.09,93,0,3.44,ZA,2021-10-25 00:48:44,clear sky
38,Okha,53.5739,142.9478,43.47,82,44,10.6,RU,2021-10-25 00:48:44,scattered clouds
39,Punta Arenas,-53.15,-70.9167,41.11,56,75,17.27,CL,2021-10-25 00:46:41,broken clouds
40,Kodiak,57.79,-152.4072,47.71,71,40,11.5,US,2021-10-25 00:48:45,scattered clouds
41,Kavieng,-2.5744,150.7967,84.79,68,21,10.33,PG,2021-10-25 00:48:45,light rain
42,Butaritari,3.0707,172.7902,81.97,72,1,3.6,KI,2021-10-25 00:48:45,clear sky
43,Gorontalo,0.5412,123.0595,87.01,61,93,2.08,ID,2021-10-25 00:48:46,overcast clouds
44,Cururupu,-1.8283,-44.8683,77.5,88,2,4.09,BR,2021-10-25 00:48:46,clear sky
45,Ust-Kulom,61.6864,53.6902,28.83,88,100,6.06,RU,2021-10-25 00:48:47,overcast clouds
46,Zenzeli,45.9241,47.0474,52.68,43,100,16.35,RU,2021-10-25 00:48:47,light rain
47,Ndjole,-0.1783,10.7649,74.7,99,98,2.28,GA,2021-10-25 00:48:48,light rain
48,Tambura,5.6,27.4667,71.55,81,97,0.92,SS,2021-10-25 00:48:48,overcast clouds
49,Cabadiangan,9.7531,122.4739,83.91,72,45,1.28,PH,2021-10-25 00:48:49,scattered clouds
50,Tautira,-17.7333,-149.15,73.42,84,100,16.96,PF,2021-10-25 00:48:49,overcast clouds
51,Luena,-11.7833,19.9167,60.91,96,100,7.09,AO,2021-10-25 00:48:50,heavy intensity rain
52,Tuktoyaktuk,69.4541,-133.0374,26.6,100,40,5.75,CA,2021-10-25 00:48:50,scattered clouds
53,New Norfolk,-42.7826,147.0587,55.71,58,79,4.0,AU,2021-10-25 00:48:51,broken clouds
54,Yellowknife,62.456,-114.3525,42.42,85,75,21.85,CA,2021-10-25 00:45:18,broken clouds
55,Georgetown,5.4112,100.3354,78.73,93,20,5.01,MY,2021-10-25 00:48:51,mist
56,High Level,58.5169,-117.136,39.31,100,90,10.36,CA,2021-10-25 00:48:52,overcast clouds
57,Vostok,46.4856,135.8833,46.45,47,1,3.58,RU,2021-10-25 00:48:52,clear sky
58,Mitsamiouli,-11.3847,43.2844,78.89,85,68,15.82,KM,2021-10-25 00:48:53,broken clouds
59,Hoima,1.4356,31.3436,64.2,94,89,1.19,UG,2021-10-25 00:48:53,overcast clouds
60,Trincomalee,8.5711,81.2335,79.27,79,100,8.72,LK,2021-10-25 00:48:53,overcast clouds
61,Lagoa,39.05,-27.9833,66.13,73,54,7.07,PT,2021-10-25 00:47:24,broken clouds
62,Buin,-33.7333,-70.75,75.24,32,0,8.32,CL,2021-10-25 00:48:54,clear sky
63,Samarai,-10.6167,150.6667,83.61,71,12,12.46,PG,2021-10-25 00:48:54,few clouds
64,Orlik,52.5178,99.825,29.28,83,88,4.03,RU,2021-10-25 00:48:54,overcast clouds
65,Bredasdorp,-34.5322,20.0403,50.29,87,0,4.61,ZA,2021-10-25 00:48:55,clear sky
66,Beringovskiy,63.05,179.3167,10.99,79,21,6.08,RU,2021-10-25 00:48:06,few clouds
67,Broome,42.2506,-75.833,51.21,86,90,4.61,US,2021-10-25 00:48:55,light rain
68,Daru,-9.0763,143.2092,83.57,76,82,10.49,PG,2021-10-25 00:48:55,broken clouds
69,Kapaa,22.0752,-159.319,84.18,76,75,5.01,US,2021-10-25 00:48:56,broken clouds
70,Saint Anthony,45.0205,-93.218,48.29,63,1,3.0,US,2021-10-25 00:48:56,clear sky
71,Bethel,41.3712,-73.414,54.91,80,90,0.0,US,2021-10-25 00:48:57,overcast clouds
72,Codrington,-38.2667,141.9667,55.26,61,58,11.88,AU,2021-10-25 00:48:57,broken clouds
73,Hilo,19.7297,-155.09,82.27,75,90,10.36,US,2021-10-25 00:48:57,overcast clouds
74,Dingle,10.9995,122.6711,82.47,80,92,1.52,PH,2021-10-25 00:48:58,overcast clouds
75,Roald,62.5833,6.1333,51.94,82,90,5.75,NO,2021-10-25 00:48:58,overcast clouds
76,Ust-Ishim,57.6935,71.1665,45.99,80,100,13.62,RU,2021-10-25 00:48:59,light rain
77,Oktyabrskoye,43.0645,44.7417,46.54,100,100,4.47,RU,2021-10-25 00:48:59,fog
78,Tiksi,71.6872,128.8694,-0.26,100,94,3.71,RU,2021-10-25 00:48:59,overcast clouds
79,Quelimane,-17.8786,36.8883,77.04,90,58,8.57,MZ,2021-10-25 00:49:00,broken clouds
80,Puerto Ayora,-0.7393,-90.3518,68.56,94,100,3.0,EC,2021-10-25 00:49:00,overcast clouds
81,Bambous Virieux,-20.3428,57.7575,73.65,78,40,11.5,MU,2021-10-25 00:49:01,scattered clouds
82,Ambilobe,-13.2,49.05,74.43,84,8,5.75,MG,2021-10-25 00:49:01,clear sky
83,Lavrentiya,65.5833,-171.0,22.55,79,100,9.62,RU,2021-10-25 00:47:07,overcast clouds
84,Sistranda,63.7256,8.834,50.9,88,100,7.43,NO,2021-10-25 00:49:02,moderate rain
85,Cidreira,-30.1811,-50.2056,60.73,66,0,1.7,BR,2021-10-25 00:49:03,clear sky
86,Baruun-Urt,46.6806,113.2792,39.13,37,6,4.05,MN,2021-10-25 00:49:03,clear sky
87,Cayenne,4.9333,-52.3333,77.04,91,90,4.0,GF,2021-10-25 00:49:03,overcast clouds
88,Carnarvon,-24.8667,113.6333,71.67,60,88,12.66,AU,2021-10-25 00:48:17,overcast clouds
89,Shahrud,36.4182,54.9763,47.61,52,2,3.67,IR,2021-10-25 00:49:04,clear sky
90,Fort Nelson,58.8053,-122.7002,38.79,70,1,2.3,CA,2021-10-25 00:45:18,clear sky
91,Paamiut,61.994,-49.6678,26.73,40,0,10.36,GL,2021-10-25 00:49:04,clear sky
92,Hervey Bay,-25.2986,152.8535,82.51,77,82,6.08,AU,2021-10-25 00:49:05,broken clouds
93,Fortuna,40.5982,-124.1573,59.34,78,40,3.0,US,2021-10-25 00:49:05,scattered clouds
94,Upernavik,72.7868,-56.1549,14.38,67,0,5.93,GL,2021-10-25 00:49:05,clear sky
95,Norman Wells,65.282,-126.8329,23.04,93,90,5.75,CA,2021-10-25 00:46:41,overcast clouds
96,Carutapera,-1.195,-46.02,79.95,81,50,8.28,BR,2021-10-25 00:49:06,scattered clouds
97,Merrill,45.1805,-89.6835,46.17,64,1,3.44,US,2021-10-25 00:49:06,clear sky
98,Madimba,-10.4,40.3333,76.03,90,29,6.31,TZ,2021-10-25 00:49:07,light rain
99,Rio Gallegos,-51.6226,-69.2181,41.05,38,0,17.27,AR,2021-10-25 00:49:07,clear sky
100,San Patricio,28.017,-97.5169,83.53,78,0,12.08,US,2021-10-25 00:49:08,clear sky
101,Flinders,-34.5833,150.8552,70.18,48,2,1.99,AU,2021-10-25 00:49:08,clear sky
102,Biasca,46.3597,8.9697,52.32,66,96,1.3,CH,2021-10-25 00:49:08,overcast clouds
103,Marrakesh,31.6315,-8.0083,68.07,40,0,5.75,MA,2021-10-25 00:44:22,clear sky
104,Katsuura,35.1333,140.3,64.18,55,39,12.15,JP,2021-10-25 00:44:41,scattered clouds
105,Ribeira Grande,38.5167,-28.7,66.22,72,8,3.29,PT,2021-10-25 00:49:09,clear sky
106,Pirgos,35.1167,25.7178,68.63,65,89,14.9,GR,2021-10-25 00:49:09,overcast clouds
107,Kununurra,-15.7667,128.7333,89.58,55,70,3.44,AU,2021-10-25 00:49:10,broken clouds
108,Kholodnyy,62.7167,147.95,3.11,90,64,2.48,RU,2021-10-25 00:49:10,broken clouds
109,Longyearbyen,78.2186,15.6401,19.24,79,90,9.22,SJ,2021-10-25 00:49:10,overcast clouds
110,Hasaki,35.7333,140.8333,64.8,50,83,10.49,JP,2021-10-25 00:47:26,broken clouds
111,Coolum Beach,-26.5333,153.1,79.11,71,63,1.99,AU,2021-10-25 00:49:11,broken clouds
112,Moron,-34.6534,-58.6198,69.55,42,0,1.01,AR,2021-10-25 00:49:11,clear sky
113,Yumen,40.2833,97.2,45.14,35,100,14.58,CN,2021-10-25 00:49:12,overcast clouds
114,Cherskiy,68.75,161.3,-8.61,95,38,3.91,RU,2021-10-25 00:49:12,scattered clouds
115,Leningradskiy,69.3833,178.4167,3.83,92,87,7.2,RU,2021-10-25 00:49:12,overcast clouds
116,Arraial Do Cabo,-22.9661,-42.0278,71.71,90,100,18.37,BR,2021-10-25 00:49:13,overcast clouds
117,Saint-Augustin,51.226,-58.6502,42.33,72,100,23.38,CA,2021-10-25 00:49:13,overcast clouds
118,Margate,51.3813,1.3862,58.3,90,100,1.99,GB,2021-10-25 00:49:13,overcast clouds
119,Rocha,-34.4833,-54.3333,60.73,57,0,13.33,UY,2021-10-25 00:49:14,clear sky
120,Kabinda,-6.1333,24.4833,64.56,96,100,3.06,CD,2021-10-25 00:49:14,overcast clouds
121,Siloam Springs,36.1881,-94.5405,72.21,87,90,1.01,US,2021-10-25 00:46:29,overcast clouds
122,Victoria,22.2855,114.1577,71.33,70,100,5.99,HK,2021-10-25 00:45:03,overcast clouds
123,Taltal,-25.4,-70.4833,60.24,78,22,2.91,CL,2021-10-25 00:49:15,few clouds
124,Asau,46.4333,26.4,34.72,88,12,2.57,RO,2021-10-25 00:49:15,few clouds
125,Marsh Harbour,26.5412,-77.0636,80.46,78,100,13.42,BS,2021-10-25 00:49:16,overcast clouds
126,Balkhash,46.844,74.9804,41.25,57,3,12.97,KZ,2021-10-25 00:49:16,clear sky
127,Chojnow,51.2737,15.9366,46.71,64,70,4.43,PL,2021-10-25 00:49:16,broken clouds
128,Hobart,-42.8794,147.3294,56.05,67,75,4.0,AU,2021-10-25 00:49:17,broken clouds
129,Denizli,37.8402,29.0698,58.05,86,86,3.85,TR,2021-10-25 00:49:17,overcast clouds
130,Torbay,47.6666,-52.7314,54.57,87,75,28.77,CA,2021-10-25 00:49:17,very heavy rain
131,Caravelas,-17.7125,-39.2481,77.38,87,100,8.99,BR,2021-10-25 00:49:18,overcast clouds
132,Chelno-Vershiny,54.4333,51.1,39.31,76,100,6.78,RU,2021-10-25 00:49:18,overcast clouds
133,Taoudenni,22.6783,-3.9836,83.57,19,5,10.36,ML,2021-10-25 00:49:19,clear sky
134,Goderich,43.7501,-81.7165,47.91,87,100,4.61,CA,2021-10-25 00:45:18,overcast clouds
135,Abay,49.6311,72.8539,25.18,57,60,6.93,KZ,2021-10-25 00:49:19,broken clouds
136,Souillac,-20.5167,57.5167,73.78,78,40,11.5,MU,2021-10-25 00:47:42,scattered clouds
137,Marsa Matruh,31.3525,27.2453,71.8,73,20,5.75,EG,2021-10-25 00:49:20,few clouds
138,Jizan,17.3333,42.6667,83.34,68,5,0.85,SA,2021-10-25 00:49:20,clear sky
139,Kaitangata,-46.2817,169.8464,60.4,71,100,7.87,NZ,2021-10-25 00:49:20,overcast clouds
140,Longhua,23.6137,114.1919,64.76,70,96,3.47,CN,2021-10-25 00:49:21,overcast clouds
141,Qingdao,36.0986,120.3719,49.6,87,0,0.0,CN,2021-10-25 00:49:21,mist
142,Severo-Kurilsk,50.6789,156.125,39.33,69,96,17.34,RU,2021-10-25 00:49:22,overcast clouds
143,Castro,-24.7911,-50.0119,54.43,98,100,4.36,BR,2021-10-25 00:46:48,overcast clouds
144,Lappeenranta,61.0587,28.1887,42.85,93,90,6.91,FI,2021-10-25 00:49:22,light intensity shower rain
145,Izhma,65.0083,53.9113,27.9,93,100,5.3,RU,2021-10-25 00:49:22,overcast clouds
146,Hanna,51.6334,-111.9018,51.31,63,100,11.99,CA,2021-10-25 00:49:23,overcast clouds
147,Eha Amufu,6.6592,7.7596,74.52,89,90,1.61,NG,2021-10-25 00:49:23,light rain
148,Dikson,73.5069,80.5464,10.76,88,100,17.83,RU,2021-10-25 00:49:23,overcast clouds
149,Freeport,40.6576,-73.5832,59.99,69,1,5.99,US,2021-10-25 00:49:24,clear sky
150,Zhangjiakou,40.81,114.8794,50.23,45,100,1.3,CN,2021-10-25 00:49:24,overcast clouds
151,Labytnangi,66.6572,66.4183,16.2,92,98,4.21,RU,2021-10-25 00:49:24,overcast clouds
152,Warmbad,-28.45,18.7333,61.84,25,0,9.6,NA,2021-10-25 00:49:25,clear sky
153,Road Town,18.4167,-64.6167,82.2,76,42,17.96,VG,2021-10-25 00:49:25,scattered clouds
154,Sovetskiy,61.3614,63.5842,30.18,95,100,2.98,RU,2021-10-25 00:49:25,light snow
155,Chokurdakh,70.6333,147.9167,-3.82,98,100,2.24,RU,2021-10-25 00:49:26,overcast clouds
156,Campbell River,50.0163,-125.2446,52.52,87,90,3.0,CA,2021-10-25 00:49:23,overcast clouds
157,Barrow,71.2906,-156.7887,28.42,80,90,9.22,US,2021-10-25 00:49:26,overcast clouds
158,Padang,-0.9492,100.3543,77.05,88,100,3.33,ID,2021-10-25 00:49:26,overcast clouds
159,Lukovetskiy,64.2956,41.9211,30.18,93,51,9.28,RU,2021-10-25 00:49:27,light snow
160,Saldanha,-33.0117,17.9442,51.85,75,0,12.19,ZA,2021-10-25 00:49:27,clear sky
161,Iqaluit,63.7506,-68.5145,29.93,86,90,5.99,CA,2021-10-25 00:49:28,light snow
162,Campo Grande,-20.4428,-54.6464,65.75,82,40,8.05,BR,2021-10-25 00:49:28,scattered clouds
163,Constitucion,-35.3333,-72.4167,54.43,87,0,13.73,CL,2021-10-25 00:45:56,clear sky
164,Pecos,31.4229,-103.4932,85.03,19,1,6.91,US,2021-10-25 00:49:28,clear sky
165,Penzance,50.1186,-5.5371,56.08,86,27,17.02,GB,2021-10-25 00:49:29,scattered clouds
166,Talaya,61.3833,152.75,22.98,80,100,8.95,RU,2021-10-25 00:49:29,overcast clouds
167,Pisco,-13.7,-76.2167,61.02,77,0,16.11,PE,2021-10-25 00:49:30,clear sky
168,Pangody,65.85,74.4859,21.45,87,38,13.51,RU,2021-10-25 00:49:30,scattered clouds
169,Mbarara,-0.608,30.65,61.68,87,88,2.59,UG,2021-10-25 00:49:30,overcast clouds
170,Butka,56.7179,63.7866,38.82,81,6,10.69,RU,2021-10-25 00:49:31,clear sky
171,Talnakh,69.4865,88.3972,27.3,97,100,7.7,RU,2021-10-25 00:49:31,snow
172,Esso,55.9333,158.7,27.09,88,69,4.12,RU,2021-10-25 00:49:31,broken clouds
173,Labuhan,-6.8844,112.2051,84.0,68,92,9.48,ID,2021-10-25 00:49:32,overcast clouds
174,Kuopio,62.8924,27.677,31.95,100,90,9.22,FI,2021-10-25 00:49:32,snow
175,Hammerfest,70.6634,23.6821,27.05,74,0,12.66,NO,2021-10-25 00:49:33,clear sky
176,Pauini,-7.7136,-66.9764,82.13,65,91,2.68,BR,2021-10-25 00:49:33,overcast clouds
177,Aasiaat,68.7098,-52.8699,10.13,98,100,8.84,GL,2021-10-25 00:49:34,overcast clouds
178,Kalianget,-7.05,113.9333,84.56,70,64,5.06,ID,2021-10-25 00:49:34,broken clouds
179,Pacific Grove,36.6177,-121.9166,67.68,84,90,3.0,US,2021-10-25 00:49:34,overcast clouds
180,Mayya,61.7333,130.2811,31.32,97,100,4.65,RU,2021-10-25 00:49:35,light snow
181,Hualmay,-11.0964,-77.6139,63.32,80,46,10.31,PE,2021-10-25 00:48:34,scattered clouds
182,Moissala,8.3404,17.7663,73.04,92,100,3.0,TD,2021-10-25 00:49:35,overcast clouds
183,Port Lincoln,-34.7333,135.8667,59.29,63,0,14.63,AU,2021-10-25 00:46:58,clear sky
184,Sioux Lookout,50.1001,-91.917,35.98,93,20,0.0,CA,2021-10-25 00:47:58,few clouds
185,Merauke,-8.4667,140.3333,85.71,67,100,5.48,ID,2021-10-25 00:49:36,overcast clouds
186,Te Anau,-45.4167,167.7167,63.21,75,100,3.71,NZ,2021-10-25 00:49:36,heavy intensity rain
187,Salalah,17.0151,54.0924,73.49,68,0,3.44,OM,2021-10-25 00:49:37,clear sky
188,Miajadas,39.1513,-5.9084,58.77,46,27,2.17,ES,2021-10-25 00:49:37,scattered clouds
189,Mao,39.8885,4.2658,61.36,94,20,4.61,ES,2021-10-25 00:49:38,few clouds
190,East London,-33.0153,27.9116,58.44,74,1,9.8,ZA,2021-10-25 00:49:38,clear sky
191,Cabo Rojo,18.0866,-67.1457,80.98,84,9,5.53,PR,2021-10-25 00:49:38,clear sky
192,Mendoza,-32.8908,-68.8272,74.73,46,0,0.0,AR,2021-10-25 00:48:41,clear sky
193,Amarante Do Maranhao,-5.5667,-46.7422,75.07,88,25,3.24,BR,2021-10-25 00:49:39,scattered clouds
194,Vanderhoof,54.0166,-124.0198,45.97,67,100,7.25,CA,2021-10-25 00:49:39,light rain
195,Sao Gabriel Da Cachoeira,-0.1303,-67.0892,75.43,95,96,2.08,BR,2021-10-25 00:49:40,overcast clouds
196,Praia,14.9215,-23.5087,77.54,73,20,16.11,CV,2021-10-25 00:49:40,few clouds
197,Hwange,-18.3693,26.5019,75.2,51,55,5.68,ZW,2021-10-25 00:49:40,broken clouds
198,General Roca,-39.0333,-67.5833,70.2,36,100,36.24,AR,2021-10-25 00:49:41,overcast clouds
199,Almaznyy,48.0448,40.045,33.94,79,38,9.24,RU,2021-10-25 00:49:41,scattered clouds
200,Ylivieska,64.0833,24.55,36.32,98,100,7.0,FI,2021-10-25 00:49:41,snow
201,Zhengjiatun,43.5064,123.5064,50.59,74,1,14.0,CN,2021-10-25 00:49:42,clear sky
202,Jiexiu,37.0244,111.9125,54.7,56,97,3.11,CN,2021-10-25 00:49:42,overcast clouds
203,Terrace,54.5163,-128.6035,49.91,57,90,16.11,CA,2021-10-25 00:49:42,overcast clouds
204,Nanortalik,60.1432,-45.2371,32.83,89,98,7.54,GL,2021-10-25 00:47:30,overcast clouds
205,Mahebourg,-20.4081,57.7,74.25,78,40,11.5,MU,2021-10-25 00:49:43,scattered clouds
206,Lebu,-37.6167,-73.65,51.87,95,50,4.14,CL,2021-10-25 00:49:43,scattered clouds
207,Guerrero Negro,27.9769,-114.0611,66.49,72,0,14.9,MX,2021-10-25 00:49:44,clear sky
208,Atuona,-9.8,-139.0333,78.19,73,8,18.99,PF,2021-10-25 00:49:44,clear sky
209,Namibe,-15.1961,12.1522,62.56,86,8,8.28,AO,2021-10-25 00:47:50,clear sky
210,Meulaboh,4.1363,96.1285,76.6,86,100,3.36,ID,2021-10-25 00:49:45,overcast clouds
211,Hobyo,5.3505,48.5268,79.97,74,100,10.18,SO,2021-10-25 00:49:45,overcast clouds
212,Lompoc,34.6391,-120.4579,65.41,88,90,4.61,US,2021-10-25 00:49:46,overcast clouds
213,Qui Nhon,13.7667,109.2333,78.76,86,100,20.76,VN,2021-10-25 00:46:40,overcast clouds
214,Kingisepp,59.3733,28.6134,37.83,89,100,10.51,RU,2021-10-25 00:49:46,overcast clouds
215,Samarinda,-0.5,117.15,81.0,82,100,3.58,ID,2021-10-25 00:49:46,overcast clouds
216,Aklavik,68.2191,-135.0107,20.23,96,100,2.04,CA,2021-10-25 00:49:47,overcast clouds
217,Half Moon Bay,37.4636,-122.4286,64.35,94,90,9.22,US,2021-10-25 00:49:47,heavy intensity rain
218,Port-Gentil,-0.7193,8.7815,78.4,86,100,9.44,GA,2021-10-25 00:49:47,light rain
219,Falmouth,50.1544,-5.0711,55.98,100,20,6.91,GB,2021-10-25 00:48:04,few clouds
220,Lata,40.1629,-8.3327,58.82,76,0,2.01,PT,2021-10-25 00:48:45,clear sky
221,Pevek,69.7008,170.3133,8.13,91,100,4.29,RU,2021-10-25 00:49:48,overcast clouds
222,Ongandjera,-17.8833,15.0667,66.09,25,0,8.57,NA,2021-10-25 00:49:49,clear sky
223,Buraydah,26.326,43.975,68.45,30,0,6.11,SA,2021-10-25 00:48:22,clear sky
224,Halifax,44.6453,-63.5724,46.45,76,4,1.01,CA,2021-10-25 00:49:08,clear sky
225,Santa Maria,-29.6842,-53.8069,58.3,77,0,2.3,BR,2021-10-25 00:49:49,clear sky
226,Eltham,-39.4292,174.3,64.18,93,100,10.0,NZ,2021-10-25 00:49:50,overcast clouds
227,Aykhal,66.0,111.5,21.43,96,100,5.26,RU,2021-10-25 00:49:50,light snow
228,Malanje,-9.5402,16.341,64.78,94,82,3.15,AO,2021-10-25 00:49:50,broken clouds
229,Ponta Do Sol,32.6667,-17.1,69.71,67,57,6.87,PT,2021-10-25 00:49:51,broken clouds
230,Upington,-28.4478,21.2561,59.38,47,0,3.44,ZA,2021-10-25 00:49:51,clear sky
231,Sao Joao Da Barra,-21.6403,-41.0511,72.57,94,100,17.22,BR,2021-10-25 00:47:59,light rain
232,Antalya,36.7741,30.7178,68.59,42,0,10.36,TR,2021-10-25 00:48:36,clear sky
233,Airai,-8.9266,125.4092,76.06,44,98,1.66,TL,2021-10-25 00:49:52,overcast clouds
234,Chitrakonda,18.1167,82.0833,67.57,93,21,1.61,IN,2021-10-25 00:49:52,few clouds
235,Petropavlovsk-Kamchatskiy,53.0452,158.6483,41.59,39,20,13.42,RU,2021-10-25 00:49:53,few clouds
236,Kungurtug,50.5994,97.5228,28.71,72,15,1.45,RU,2021-10-25 00:49:53,few clouds
237,Dunedin,-45.8742,170.5036,60.94,72,100,6.76,NZ,2021-10-25 00:46:13,overcast clouds
238,Wajima,37.4,136.9,61.48,77,75,6.91,JP,2021-10-25 00:49:54,light rain
239,Touros,-5.1989,-35.4608,79.7,72,2,13.11,BR,2021-10-25 00:49:54,clear sky
240,Biak,-0.9131,122.8766,83.86,60,30,2.42,ID,2021-10-25 00:49:55,scattered clouds
241,Siderno,38.2779,16.302,66.79,86,100,8.3,IT,2021-10-25 00:49:55,light rain
242,Avera,33.194,-82.5271,69.31,55,100,4.16,US,2021-10-25 00:49:55,overcast clouds
243,Denpasar,-8.65,115.2167,82.06,74,40,4.61,ID,2021-10-25 00:46:11,scattered clouds
244,Narsaq,60.9167,-46.05,32.22,45,4,7.18,GL,2021-10-25 00:49:56,clear sky
245,Arlit,18.7369,7.3853,79.75,13,0,1.95,NE,2021-10-25 00:49:56,clear sky
246,Sabang,5.8933,95.3214,80.53,77,100,8.5,ID,2021-10-25 00:48:58,light rain
247,Praia Da Vitoria,38.7333,-27.0667,64.76,88,20,7.43,PT,2021-10-25 00:49:56,few clouds
248,Xining,36.6167,101.7667,40.62,71,100,4.36,CN,2021-10-25 00:49:57,overcast clouds
249,Najran,17.4924,44.1277,61.45,26,7,3.02,SA,2021-10-25 00:49:57,clear sky
250,Grenville,12.1167,-61.6167,80.65,79,100,21.07,GD,2021-10-25 00:49:58,overcast clouds
251,Bilibino,68.0546,166.4372,-11.34,97,20,2.15,RU,2021-10-25 00:49:58,few clouds
252,Mushie,-3.0167,16.9,71.08,96,88,2.3,CD,2021-10-25 00:49:58,moderate rain
253,Mgachi,51.05,142.2667,48.22,74,9,15.5,RU,2021-10-25 00:49:59,clear sky
254,Jawhar,2.7809,45.5005,76.28,84,35,7.23,SO,2021-10-25 00:49:59,scattered clouds
255,Chuy,-33.6971,-53.4616,57.96,66,0,10.98,UY,2021-10-25 00:49:55,clear sky
256,Rio Grande,-32.035,-52.0986,52.95,70,0,8.23,BR,2021-10-25 00:50:00,clear sky
257,Hartford,41.7668,-72.7662,54.07,81,90,0.0,US,2021-10-25 00:46:00,overcast clouds
258,Husavik,66.0449,-17.3389,39.11,97,100,13.85,IS,2021-10-25 00:50:00,light rain
259,Kassala,15.451,36.4,79.74,63,14,8.03,SD,2021-10-25 00:50:01,few clouds
260,Ryde,50.73,-1.1621,57.78,86,1,1.99,GB,2021-10-25 00:50:02,clear sky
261,San Quintin,30.4833,-115.95,64.6,77,12,13.29,MX,2021-10-25 00:50:02,few clouds
262,San Cristobal,7.7669,-72.225,73.58,95,79,2.13,VE,2021-10-25 00:50:03,broken clouds
263,Vardo,70.3705,31.1107,34.41,59,59,7.31,NO,2021-10-25 00:50:04,light rain
264,Panguna,-6.3164,155.4848,81.52,62,50,1.3,PG,2021-10-25 00:50:05,light rain
265,Manzhouli,49.6,117.4333,38.14,64,21,9.86,CN,2021-10-25 00:50:05,few clouds
266,Chum Phae,16.5443,102.0992,73.22,84,95,2.01,TH,2021-10-25 00:50:06,overcast clouds
267,Tunceli,39.1083,39.5471,50.23,25,18,4.63,TR,2021-10-25 00:50:07,few clouds
268,Ondjiva,-17.0667,15.7333,67.77,23,5,4.85,AO,2021-10-25 00:50:07,clear sky
269,Sibolga,1.7427,98.7792,79.0,81,100,0.87,ID,2021-10-25 00:50:08,overcast clouds
270,Stornoway,58.2093,-6.3865,48.92,87,40,16.11,GB,2021-10-25 00:50:08,scattered clouds
271,Englehart,47.8169,-79.8664,42.82,93,90,4.61,CA,2021-10-25 00:46:47,overcast clouds
272,Laguna,38.421,-121.4238,62.64,95,90,4.0,US,2021-10-25 00:48:27,heavy intensity rain
273,Ahipara,-35.1667,173.1667,66.6,69,9,7.02,NZ,2021-10-25 00:50:08,clear sky
274,Ostrovnoy,68.0531,39.5131,34.03,67,99,15.48,RU,2021-10-25 00:50:09,light rain
275,Yermish,54.7678,42.2711,31.77,75,95,14.72,RU,2021-10-25 00:50:09,overcast clouds
276,Rosarno,38.4841,15.979,66.36,87,100,8.08,IT,2021-10-25 00:50:10,overcast clouds
277,Faya,18.3851,42.4509,55.51,60,6,2.21,SA,2021-10-25 00:50:10,clear sky
278,Hami,42.8,93.45,42.46,36,0,6.44,CN,2021-10-25 00:50:10,clear sky
279,Baherden,38.4362,57.4316,54.64,46,71,1.9,TM,2021-10-25 00:50:11,broken clouds
280,Hofn,64.2539,-15.2082,41.4,82,100,18.25,IS,2021-10-25 00:50:11,overcast clouds
281,Presidencia Roque Saenz Pena,-26.7852,-60.4388,62.76,48,0,5.03,AR,2021-10-25 00:50:11,clear sky
282,Naze,28.3667,129.4833,65.32,80,62,2.84,JP,2021-10-25 00:47:06,broken clouds
283,Laibin,23.7,109.2667,65.46,55,6,10.13,CN,2021-10-25 00:50:12,clear sky
284,Mahuva,21.0914,71.7622,75.43,75,25,6.93,IN,2021-10-25 00:50:12,scattered clouds
285,Rawson,-43.3002,-65.1023,63.45,34,100,38.9,AR,2021-10-25 00:50:12,overcast clouds
286,Guanica,17.9716,-66.908,81.14,84,9,1.99,PR,2021-10-25 00:50:13,clear sky
287,Bonavista,48.6499,-53.1147,55.11,81,100,25.75,CA,2021-10-25 00:50:13,overcast clouds
288,Ust-Tsilma,65.441,52.1498,27.99,86,100,5.79,RU,2021-10-25 00:50:13,overcast clouds
289,Byron Bay,-28.65,153.6167,78.87,81,95,3.2,AU,2021-10-25 00:50:14,overcast clouds
290,Roma,43.2128,-75.4557,53.83,79,1,4.61,US,2021-10-25 00:48:59,clear sky
291,Carbonia,39.1672,8.5222,61.75,82,100,5.14,IT,2021-10-25 00:50:14,overcast clouds
292,Tyup,42.7276,78.3648,29.88,63,0,3.24,KG,2021-10-25 00:50:15,clear sky
293,Yulara,-25.2406,130.9889,76.84,25,0,16.11,AU,2021-10-25 00:50:15,clear sky
294,Ende,-8.8432,121.6623,86.38,67,66,2.48,ID,2021-10-25 00:50:15,broken clouds
295,Cockburn Town,21.4612,-71.1419,80.56,74,40,10.36,TC,2021-10-25 00:50:16,scattered clouds
296,Redcliffe,-27.2307,153.0973,83.43,63,20,10.36,AU,2021-10-25 00:50:16,few clouds
297,Korla,41.7597,86.1469,45.03,41,0,3.74,CN,2021-10-25 00:50:16,clear sky
298,Soledar,48.6794,38.089,40.6,71,95,11.01,UA,2021-10-25 00:50:17,overcast clouds
299,Ampanihy,-24.7,44.75,67.6,97,39,6.08,MG,2021-10-25 00:50:17,scattered clouds
300,Novyy Urgal,51.0736,132.5642,37.45,75,10,1.36,RU,2021-10-25 00:50:17,clear sky
301,Ipojuca,-8.3989,-35.0639,80.51,78,4,6.64,BR,2021-10-25 00:50:18,clear sky
302,Hithadhoo,-0.6,73.0833,83.03,69,21,15.66,MV,2021-10-25 00:50:18,few clouds
303,Curup,-3.4667,102.5333,69.19,98,100,1.48,ID,2021-10-25 00:50:18,overcast clouds
304,Barra Do Corda,-5.5,-45.25,80.69,73,93,2.59,BR,2021-10-25 00:50:19,overcast clouds
305,Smithers,54.7804,-127.1743,37.72,75,75,3.44,CA,2021-10-25 00:50:20,broken clouds
306,Poum,-20.2333,164.0167,76.15,69,6,10.22,NC,2021-10-25 00:50:20,clear sky
307,Hof,50.3167,11.9167,41.5,80,6,5.99,DE,2021-10-25 00:50:20,clear sky
308,Nabire,-3.3667,135.4833,81.7,79,100,1.9,ID,2021-10-25 00:49:18,overcast clouds
309,Shizunai,42.3339,142.3669,56.57,64,0,4.16,JP,2021-10-25 00:50:21,clear sky
310,San Benito,36.6166,-121.0844,59.14,76,100,18.32,US,2021-10-25 00:50:21,overcast clouds
311,Bani,18.2833,-70.3333,77.22,79,7,8.48,DO,2021-10-25 00:50:22,clear sky
312,Karratha,-20.7377,116.8463,88.29,25,0,10.02,AU,2021-10-25 00:50:22,clear sky
313,Imeni Poliny Osipenko,52.4201,136.4853,37.74,81,17,9.06,RU,2021-10-25 00:50:22,few clouds
314,Sucua,-2.4667,-78.1667,68.97,98,16,3.67,EC,2021-10-25 00:50:23,light rain
315,Shelbyville,35.4834,-86.4603,69.24,70,1,9.22,US,2021-10-25 00:50:23,clear sky
316,Jiaojiang,28.6803,121.4428,66.0,71,31,11.1,CN,2021-10-25 00:50:24,light rain
317,Holme,56.1138,10.1725,44.17,89,22,8.16,DK,2021-10-25 00:50:24,few clouds
318,Grindavik,63.8424,-22.4338,44.55,100,90,5.75,IS,2021-10-25 00:50:24,light rain
319,Gat,31.61,34.7642,68.68,100,4,3.31,IL,2021-10-25 00:50:25,clear sky
320,Belaya Gora,68.5333,146.4167,1.87,92,100,1.07,RU,2021-10-25 00:50:25,overcast clouds
321,Gambo,4.6482,22.2633,69.06,99,100,1.43,CF,2021-10-25 00:50:26,overcast clouds
322,Bengkulu,-3.8004,102.2655,74.52,94,100,2.73,ID,2021-10-25 00:50:26,overcast clouds
323,Bathsheba,13.2167,-59.5167,83.01,74,75,21.85,BB,2021-10-25 00:50:26,broken clouds
324,Muroto,33.2833,134.15,57.24,90,100,17.45,JP,2021-10-25 00:50:27,overcast clouds
325,Vila Velha,-20.3297,-40.2925,80.55,78,40,11.5,BR,2021-10-25 00:50:27,scattered clouds
326,Shimoda,34.6667,138.95,64.51,65,100,13.8,JP,2021-10-25 00:50:27,overcast clouds
327,Adrar,20.5022,-10.0711,81.36,22,7,7.9,MR,2021-10-25 00:50:28,clear sky
328,Magadan,59.5667,150.8,28.49,92,100,5.73,RU,2021-10-25 00:50:28,light snow
329,Blairmore,49.6,-114.4353,47.32,70,100,0.0,CA,2021-10-25 00:50:28,overcast clouds
330,Zaysan,47.4667,84.8667,34.7,40,0,1.1,KZ,2021-10-25 00:50:29,clear sky
331,Jucuaran,13.2539,-88.2478,69.22,95,51,1.12,SV,2021-10-25 00:50:29,broken clouds
332,Sheridan,44.8333,-106.9173,55.78,46,1,1.01,US,2021-10-25 00:50:29,clear sky
333,Vanavara,60.34,102.2797,33.91,79,82,12.03,RU,2021-10-25 00:50:30,broken clouds
334,Jumla,29.2747,82.1838,42.76,70,0,4.52,NP,2021-10-25 00:50:30,clear sky
335,Vestmannaeyjar,63.4427,-20.2734,44.62,90,100,2.26,IS,2021-10-25 00:50:31,overcast clouds
336,Lazaro Cardenas,17.9583,-102.2,77.22,93,100,5.77,MX,2021-10-25 00:50:31,overcast clouds
337,Kirensk,57.7853,108.1119,39.6,87,100,12.77,RU,2021-10-25 00:50:31,overcast clouds
338,Anadyr,64.75,177.4833,9.1,85,90,6.71,RU,2021-10-25 00:50:32,overcast clouds
339,Wanning,18.8003,110.3967,73.06,81,100,11.36,CN,2021-10-25 00:50:32,overcast clouds
340,Jucurutu,-6.0339,-37.0203,83.32,57,93,7.76,BR,2021-10-25 00:50:33,overcast clouds
341,Tuatapere,-46.1333,167.6833,64.42,76,100,3.33,NZ,2021-10-25 00:48:57,overcast clouds
342,Sitka,57.0531,-135.33,49.89,57,40,0.0,US,2021-10-25 00:50:33,scattered clouds
343,Port Hardy,50.6996,-127.4199,51.8,81,75,24.16,CA,2021-10-25 00:50:34,broken clouds
344,Abu Zabad,12.35,29.25,85.46,21,94,13.78,SD,2021-10-25 00:50:34,overcast clouds
345,Eirunepe,-6.6603,-69.8736,79.47,75,47,2.77,BR,2021-10-25 00:50:34,scattered clouds
346,Kruisfontein,-34.0033,24.7314,47.88,84,0,3.44,ZA,2021-10-25 00:50:35,clear sky
347,Cabo San Lucas,22.8909,-109.9124,85.3,78,3,9.66,MX,2021-10-25 00:50:35,clear sky
348,Zyryanka,65.75,150.85,5.83,70,100,4.74,RU,2021-10-25 00:50:36,overcast clouds
349,La Rioja,42.25,-2.5,41.49,44,0,6.02,ES,2021-10-25 00:46:29,clear sky
350,Boa Vista,2.8197,-60.6733,87.78,58,20,5.75,BR,2021-10-25 00:50:36,few clouds
351,Pangnirtung,66.1451,-65.7125,21.02,89,100,2.48,CA,2021-10-25 00:50:37,overcast clouds
352,Marataizes,-21.0433,-40.8244,75.43,91,100,3.06,BR,2021-10-25 00:50:37,overcast clouds
353,Sorong,-0.8833,131.25,82.44,79,100,8.25,ID,2021-10-25 00:50:38,overcast clouds
354,Lingao,19.9103,109.6859,73.29,76,100,12.77,CN,2021-10-25 00:50:38,overcast clouds
355,Santona,43.4439,-3.4576,57.43,68,64,5.1,ES,2021-10-25 00:50:38,broken clouds
356,Alofi,-19.0595,-169.9187,82.29,51,32,18.41,NU,2021-10-25 00:50:39,light rain
357,Yuzhno-Sukhokumsk,44.6581,45.6436,53.82,53,100,18.03,RU,2021-10-25 00:50:39,overcast clouds
358,Yerofey Pavlovich,53.9667,121.9667,35.6,76,98,1.88,RU,2021-10-25 00:50:40,overcast clouds
359,Ust-Kuyga,70.0167,135.6,4.15,95,100,2.77,RU,2021-10-25 00:50:40,overcast clouds
360,Khuzhir,53.1939,107.3397,42.21,74,100,13.27,RU,2021-10-25 00:50:40,overcast clouds
361,Kinsale,51.7075,-8.5306,49.23,93,40,9.22,IE,2021-10-25 00:50:41,scattered clouds
362,Ziri,46.0422,14.1072,41.27,90,88,4.52,SI,2021-10-25 00:50:41,overcast clouds
363,Bundaberg,-24.85,152.35,82.69,61,40,10.36,AU,2021-10-25 00:50:41,scattered clouds
364,Cocoa,28.3861,-80.742,79.09,88,90,1.99,US,2021-10-25 00:50:42,overcast clouds
365,Namatanai,-3.6667,152.4333,85.95,65,53,4.21,PG,2021-10-25 00:50:42,broken clouds
366,Nikolskoye,59.7035,30.7861,35.87,80,100,9.33,RU,2021-10-25 00:50:42,light snow
367,Auki,-8.7676,160.7034,84.25,73,38,3.06,SB,2021-10-25 00:50:43,scattered clouds
368,Maarianhamina,60.0973,19.9348,49.86,76,75,12.66,AX,2021-10-25 00:50:43,broken clouds
369,Kemijarvi,66.7131,27.4306,26.19,94,100,5.48,FI,2021-10-25 00:50:44,light snow
370,Calama,-22.4667,-68.9333,51.44,14,0,2.33,CL,2021-10-25 00:50:44,clear sky
371,Dinghai,26.2847,119.7936,68.92,69,29,11.43,CN,2021-10-25 00:50:44,scattered clouds
372,Hit,33.6416,42.8251,67.8,29,0,7.0,IQ,2021-10-25 00:50:45,clear sky
373,Burpengary,-27.1575,152.9576,83.28,60,74,7.07,AU,2021-10-25 00:50:45,broken clouds
374,Saint-Denis,48.9167,2.3333,52.09,82,0,4.61,FR,2021-10-25 00:50:46,clear sky
375,Faanui,-16.4833,-151.75,75.78,90,100,11.03,PF,2021-10-25 00:50:46,moderate rain
376,Zyryanovsk,49.7386,84.2719,31.84,75,17,1.25,KZ,2021-10-25 00:50:46,few clouds
377,Bongandanga,1.5,21.05,70.79,98,100,1.68,CD,2021-10-25 00:50:47,overcast clouds
378,Esperance,-33.8667,121.9,71.44,35,100,13.67,AU,2021-10-25 00:49:59,overcast clouds
379,Palmas,-10.2128,-48.3603,76.87,100,75,2.3,BR,2021-10-25 00:50:47,broken clouds
380,Barra Do Garcas,-15.89,-52.2567,72.16,90,100,6.55,BR,2021-10-25 00:50:47,overcast clouds
381,Port Augusta,-32.5,137.7667,72.72,21,0,5.57,AU,2021-10-25 00:50:48,clear sky
382,Ishigaki,24.3448,124.1572,75.33,83,75,9.22,JP,2021-10-25 00:50:48,broken clouds
383,Sivaki,52.6333,126.75,39.81,71,100,2.93,RU,2021-10-25 00:50:48,overcast clouds
384,Wewak,-3.5534,143.6268,85.08,67,99,6.13,PG,2021-10-25 00:50:49,overcast clouds
385,Douentza,14.9951,-2.9517,86.92,43,35,8.21,ML,2021-10-25 00:50:49,scattered clouds
386,Muravlenko,63.7898,74.523,22.15,92,87,8.72,RU,2021-10-25 00:48:12,overcast clouds
387,Suntar,62.1444,117.6319,34.27,98,100,6.29,RU,2021-10-25 00:50:50,overcast clouds
388,Vao,-22.6667,167.4833,70.65,69,17,10.07,NC,2021-10-25 00:50:50,few clouds
389,Chontalpa,17.7,-93.5167,79.97,88,67,4.56,MX,2021-10-25 00:50:51,broken clouds
390,Port Moresby,-9.4431,147.1797,87.22,70,40,11.5,PG,2021-10-25 00:50:34,haze
391,Verkhnyaya Inta,65.9811,60.3094,25.48,96,100,9.55,RU,2021-10-25 00:50:51,light snow
392,Dyersburg,36.0345,-89.3856,75.34,60,1,12.66,US,2021-10-25 00:50:51,clear sky
393,Vieste,41.8825,16.175,54.1,58,34,6.44,IT,2021-10-25 00:50:52,scattered clouds
394,Araouane,18.9048,-3.5265,88.41,23,95,9.42,ML,2021-10-25 00:50:52,overcast clouds
395,Tarko-Sale,64.9225,77.785,22.57,89,41,14.92,RU,2021-10-25 00:50:53,scattered clouds
396,Vagur,61.4732,-6.8119,49.05,87,98,24.43,FO,2021-10-25 00:50:53,overcast clouds
397,Flin Flon,54.7682,-101.865,37.22,77,5,10.2,CA,2021-10-25 00:50:53,clear sky
398,Ambon,-3.6954,128.1814,89.74,70,20,3.44,ID,2021-10-25 00:50:54,few clouds
399,Karangampel,-6.4622,108.4519,84.36,66,5,5.41,ID,2021-10-25 00:50:54,clear sky
400,Batsfjord,70.6345,29.7185,27.1,79,15,5.21,NO,2021-10-25 00:50:54,few clouds
401,Dauriya,49.9333,116.8667,31.57,83,10,5.55,RU,2021-10-25 00:50:55,clear sky
402,Kandrian,-6.2167,149.55,86.86,65,23,6.35,PG,2021-10-25 00:50:55,few clouds
403,Puerto Carreno,6.189,-67.4859,80.58,73,100,8.34,CO,2021-10-25 00:50:07,moderate rain
404,Bereda,43.2686,-7.5406,51.55,99,66,1.95,ES,2021-10-25 00:50:56,broken clouds
405,Atakpame,7.5333,1.1333,72.05,92,20,2.91,TG,2021-10-25 00:50:56,few clouds
406,Kizukuri,40.8061,140.3861,61.21,67,91,1.23,JP,2021-10-25 00:50:56,overcast clouds
407,Serebryansk,49.6925,83.2892,35.15,77,12,4.99,KZ,2021-10-25 00:50:57,few clouds
408,Luganville,-15.5333,167.1667,82.2,76,49,9.04,VU,2021-10-25 00:50:57,scattered clouds
409,Haines Junction,60.7522,-137.5108,35.55,69,19,1.14,CA,2021-10-25 00:50:58,few clouds
410,Ponta Delgada,37.7333,-25.6667,63.32,77,20,6.91,PT,2021-10-25 00:50:58,few clouds
411,Bestobe,52.4994,73.0975,44.51,47,100,18.1,KZ,2021-10-25 00:50:59,overcast clouds
412,Jalu,29.0331,21.5482,71.51,35,23,13.09,LY,2021-10-25 00:50:59,few clouds
413,Mecca,21.4267,39.8261,78.62,60,0,1.61,SA,2021-10-25 00:50:59,clear sky
414,Catuday,16.2923,119.8062,80.87,71,100,7.85,PH,2021-10-25 00:51:00,overcast clouds
415,Elena,42.9333,25.8833,39.31,74,2,2.53,BG,2021-10-25 00:51:00,clear sky
416,Lusambo,-4.9667,23.45,69.58,99,100,2.95,CD,2021-10-25 00:51:01,moderate rain
417,Eraclea,45.5806,12.6756,50.56,81,100,8.14,IT,2021-10-25 00:51:02,overcast clouds
418,Vila Franca Do Campo,37.7167,-25.4333,63.01,79,1,4.12,PT,2021-10-25 00:51:02,clear sky
419,Fiumicino,41.7675,12.2291,62.94,62,0,10.36,IT,2021-10-25 00:51:03,clear sky
420,Coquimbo,-29.9533,-71.3436,56.93,88,0,4.61,CL,2021-10-25 00:50:28,clear sky
421,Ilhabela,-23.7781,-45.3581,67.87,89,100,5.06,BR,2021-10-25 00:51:03,moderate rain
422,Nador,35.174,-2.9287,62.85,88,40,3.44,MA,2021-10-25 00:51:03,scattered clouds
423,Catacocha,-4.0667,-79.6333,59.58,87,100,2.98,EC,2021-10-25 00:51:04,light rain
424,Lavumisa,-27.31,31.892,59.79,80,75,4.16,SZ,2021-10-25 00:51:04,broken clouds
425,Moerai,-22.4333,-151.3333,72.77,67,3,15.88,PF,2021-10-25 00:51:05,clear sky
426,Ambulu,-8.345,113.6058,83.89,62,91,2.66,ID,2021-10-25 00:51:05,overcast clouds
427,Kampot,10.6167,104.1833,84.25,87,100,9.51,KH,2021-10-25 00:51:06,overcast clouds
428,Stykkisholmur,65.0757,-22.7297,40.48,90,100,14.03,IS,2021-10-25 00:51:06,moderate rain
429,Abu Samrah,35.3029,37.1841,61.23,69,0,2.68,SY,2021-10-25 00:51:06,clear sky
430,Nikko,36.75,139.6167,50.95,64,100,4.43,JP,2021-10-25 00:51:06,overcast clouds
431,Williston,48.147,-103.618,45.01,83,100,5.01,US,2021-10-25 00:48:53,overcast clouds
432,Benemerito De Las Americas,16.5167,-90.6439,78.48,86,100,2.01,MX,2021-10-25 00:51:07,overcast clouds
433,Pingdu,36.7844,119.9464,49.44,52,1,2.39,CN,2021-10-25 00:51:07,clear sky
434,Hokitika,-42.7167,170.9667,61.45,82,96,8.55,NZ,2021-10-25 00:51:08,overcast clouds
435,Dudinka,69.4058,86.1778,26.6,97,100,9.15,RU,2021-10-25 00:51:08,light snow
436,Vaitape,-16.5167,-151.75,75.81,90,100,11.45,PF,2021-10-25 00:51:09,moderate rain
437,Tecoanapa,16.5167,-98.75,77.77,88,88,5.77,MX,2021-10-25 00:48:34,overcast clouds
438,Castelo Branco,39.8222,-7.4909,49.8,64,5,1.9,PT,2021-10-25 00:51:09,clear sky
439,Pringsewu,-5.3582,104.9744,80.82,84,96,2.71,ID,2021-10-25 00:51:10,overcast clouds
440,Tupancireta,-29.0806,-53.8358,52.7,70,0,1.9,BR,2021-10-25 00:51:10,clear sky
441,Sakakah,29.9697,40.2064,63.97,33,0,6.78,SA,2021-10-25 00:51:10,clear sky
442,Zhigansk,66.7697,123.3711,16.9,96,96,5.3,RU,2021-10-25 00:50:20,overcast clouds
443,Tateyama,34.9833,139.8667,64.09,56,64,11.81,JP,2021-10-25 00:51:11,broken clouds
444,Kangaatsiaq,68.3065,-53.4641,18.39,92,99,8.21,GL,2021-10-25 00:51:11,overcast clouds
445,Ahome,25.9167,-109.1833,82.35,71,0,7.45,MX,2021-10-25 00:51:12,clear sky
446,Sambava,-14.2667,50.1667,75.16,88,98,8.68,MG,2021-10-25 00:47:05,light rain
447,Kabalo,-6.05,26.9167,68.0,95,100,1.41,CD,2021-10-25 00:51:12,overcast clouds
448,Walvis Bay,-22.9575,14.5053,59.09,88,0,6.91,NA,2021-10-25 00:51:13,clear sky
449,Basco,20.4487,121.9702,79.83,80,34,17.09,PH,2021-10-25 00:51:13,scattered clouds
450,Derzhavinsk,51.1,66.3167,43.57,48,100,11.99,KZ,2021-10-25 00:51:13,overcast clouds
451,Pitimbu,-7.4706,-34.8086,79.39,77,50,8.01,BR,2021-10-25 00:51:14,scattered clouds
452,Necochea,-38.5473,-58.7368,62.04,45,0,18.99,AR,2021-10-25 00:51:14,clear sky
453,Caledon East,43.8691,-79.8669,52.88,68,100,1.57,CA,2021-10-25 00:51:15,overcast clouds
454,Makakilo City,21.3469,-158.0858,86.32,54,20,11.5,US,2021-10-25 00:48:48,few clouds
455,Ancud,-41.8697,-73.8203,54.43,85,100,18.66,CL,2021-10-25 00:46:39,overcast clouds
456,Muros,42.7762,-9.0603,58.08,93,46,2.95,ES,2021-10-25 00:51:15,scattered clouds
457,Loa Janan,-0.583,117.095,80.82,84,100,3.53,ID,2021-10-25 00:51:16,overcast clouds
458,Port Hedland,-20.3167,118.5667,87.85,23,0,6.91,AU,2021-10-25 00:51:16,clear sky
459,Elk City,35.412,-99.4043,70.29,59,1,0.0,US,2021-10-25 00:51:16,haze
460,Kargopol,61.5071,38.9456,26.28,86,42,4.83,RU,2021-10-25 00:51:17,scattered clouds
461,Solnechnyy,50.7214,136.6319,44.46,65,0,2.55,RU,2021-10-25 00:51:17,clear sky
462,Bowen,-20.0167,148.2333,88.02,62,16,10.51,AU,2021-10-25 00:51:17,few clouds
463,Pilar,-9.5972,-35.9567,76.93,86,55,6.42,BR,2021-10-25 00:51:18,broken clouds
464,Bom Jesus Da Lapa,-13.255,-43.4181,81.52,62,100,6.06,BR,2021-10-25 00:50:36,overcast clouds
465,Sisimiut,66.9395,-53.6735,17.94,79,28,10.04,GL,2021-10-25 00:51:18,scattered clouds
466,Kahului,20.8947,-156.47,84.22,73,40,24.16,US,2021-10-25 00:51:17,scattered clouds
467,Platonovka,52.7106,41.952,31.41,79,85,14.92,RU,2021-10-25 00:51:19,light snow
468,Homer,59.6425,-151.5483,46.29,80,1,10.36,US,2021-10-25 00:49:52,light rain
469,Salta,-24.7859,-65.4117,73.69,37,20,4.0,AR,2021-10-25 00:51:19,few clouds
470,Samana,19.2056,-69.3369,77.67,82,8,6.96,DO,2021-10-25 00:51:19,clear sky
471,Miragoane,18.4423,-73.0876,80.15,77,33,5.61,HT,2021-10-25 00:51:20,scattered clouds
472,Shetpe,44.1667,52.1167,49.28,32,43,1.05,KZ,2021-10-25 00:51:20,scattered clouds
473,Chara,56.9064,118.2631,31.6,62,100,1.48,RU,2021-10-25 00:51:20,overcast clouds
474,Hamilton,39.1834,-84.5333,70.99,84,1,1.01,US,2021-10-25 00:51:21,clear sky
475,Traverse City,44.7631,-85.6206,48.27,78,90,9.22,US,2021-10-25 00:51:21,overcast clouds
476,Bud,39.447,-86.1758,71.69,88,8,18.41,US,2021-10-25 00:51:21,clear sky
477,Amberley,39.2048,-84.428,70.3,84,1,1.99,US,2021-10-25 00:51:22,clear sky
478,Kismayo,-0.3582,42.5454,78.71,86,0,10.85,SO,2021-10-25 00:51:22,clear sky
479,Kurayoshi,35.4333,133.8167,53.51,62,100,1.19,JP,2021-10-25 00:51:22,moderate rain
480,Kyrksaeterora,63.2906,9.0891,48.85,86,91,5.06,NO,2021-10-25 00:51:23,overcast clouds
481,Kolpny,52.2282,37.0368,30.38,90,15,9.4,RU,2021-10-25 00:51:23,few clouds
482,Ranong,9.9658,98.6348,76.93,82,84,4.25,TH,2021-10-25 00:51:24,broken clouds
483,Governador Valadares,-18.8511,-41.9494,73.72,91,100,2.24,BR,2021-10-25 00:47:23,moderate rain
484,Puerto Ayacucho,5.6639,-67.6236,77.77,88,100,2.55,VE,2021-10-25 00:51:24,heavy intensity rain
485,Henties Bay,-22.116,14.2845,58.86,90,0,5.88,NA,2021-10-25 00:47:20,clear sky
486,Mosquera,4.7059,-74.2302,57.29,94,40,3.44,CO,2021-10-25 00:51:25,scattered clouds
487,Fredericton,45.9454,-66.6656,42.04,65,1,1.01,CA,2021-10-25 00:51:23,clear sky
488,Novikovo,51.1537,37.8879,32.52,76,8,10.45,RU,2021-10-25 00:51:25,clear sky
489,Sabya,17.1495,42.6254,83.82,67,5,1.54,SA,2021-10-25 00:51:26,clear sky
490,Santa Cruz,-17.8,-63.1667,67.46,83,75,4.61,BO,2021-10-25 00:51:26,broken clouds
491,Teguise,29.0605,-13.564,68.22,73,75,10.36,ES,2021-10-25 00:51:27,broken clouds
492,Ambanja,-13.6833,48.45,74.01,87,7,2.62,MG,2021-10-25 00:51:27,clear sky
493,Lorengau,-2.0226,147.2712,83.08,77,34,7.31,PG,2021-10-25 00:51:28,scattered clouds
494,Tura,25.5198,90.2201,68.25,89,0,2.37,IN,2021-10-25 00:51:28,clear sky
495,Sawtell,-30.3833,153.1,76.19,74,17,13.8,AU,2021-10-25 00:51:29,few clouds
496,Verkhoyansk,67.5447,133.385,4.41,98,100,0.98,RU,2021-10-25 00:51:29,overcast clouds
497,Grand Gaube,-20.0064,57.6608,74.37,71,90,5.99,MU,2021-10-25 00:51:30,overcast clouds
498,Leh,34.1667,77.5833,26.96,87,76,4.03,IN,2021-10-25 00:49:04,broken clouds
499,Abaete,-19.16,-45.4458,76.93,64,100,1.86,BR,2021-10-25 00:51:30,overcast clouds
500,Mount Isa,-20.7333,139.5,83.97,48,99,6.91,AU,2021-10-25 00:51:30,overcast clouds
501,Majene,-3.5403,118.9707,84.0,73,71,4.18,ID,2021-10-25 00:51:31,broken clouds
502,Moultrie,31.1799,-83.7891,73.81,73,1,0.0,US,2021-10-25 00:51:31,clear sky
503,Nome,64.5011,-165.4064,32.16,86,90,17.27,US,2021-10-25 00:50:21,overcast clouds
504,Eyrarbakki,63.863,-21.1481,44.65,86,100,13.6,IS,2021-10-25 00:51:32,light rain
505,Saint-Pierre,-21.3393,55.4781,71.28,77,40,6.91,RE,2021-10-25 00:48:14,scattered clouds
506,Anloga,5.7947,0.8973,79.02,82,0,7.81,GH,2021-10-25 00:51:16,clear sky
507,Havre-Saint-Pierre,50.2334,-63.5986,48.2,76,90,14.97,CA,2021-10-25 00:51:32,overcast clouds
508,Manyana,-23.4,21.7167,61.45,29,0,7.43,BW,2021-10-25 00:51:33,clear sky
509,Katangli,51.7102,143.2326,44.02,73,27,10.47,RU,2021-10-25 00:51:33,scattered clouds
510,Kyabram,-36.3167,145.05,59.88,42,5,13.6,AU,2021-10-25 00:51:33,clear sky
511,Muli,2.9167,73.5667,82.8,73,100,12.84,MV,2021-10-25 00:51:34,overcast clouds
512,Tsumeb,-19.2333,17.7167,65.75,14,4,8.63,NA,2021-10-25 00:51:34,clear sky
513,Tocopilla,-22.092,-70.1979,60.31,72,11,2.75,CL,2021-10-25 00:49:36,few clouds
514,Gravdal,68.1214,13.5031,39.69,95,100,17.05,NO,2021-10-25 00:51:35,light rain
515,Iacu,-12.7672,-40.2117,76.32,86,100,3.62,BR,2021-10-25 00:51:35,light rain
516,Noumea,-22.2763,166.4572,81.0,99,45,15.84,NC,2021-10-25 00:51:35,scattered clouds
517,Poykovskiy,61.2333,73.3333,28.69,93,0,6.71,RU,2021-10-25 00:51:36,clear sky
518,Rosario,-32.9468,-60.6393,69.84,45,0,1.99,AR,2021-10-25 00:48:04,clear sky
519,Sao Raimundo Das Mangabeiras,-7.0219,-45.4811,79.84,72,14,4.23,BR,2021-10-25 00:51:36,few clouds
520,Itarema,-2.9248,-39.9167,79.54,75,3,14.56,BR,2021-10-25 00:51:37,clear sky
521,Arman,59.7,150.1667,25.47,81,100,3.56,RU,2021-10-25 00:51:37,overcast clouds
522,Mnogovershinnyy,53.9353,139.9242,38.73,77,30,4.99,RU,2021-10-25 00:51:37,scattered clouds
523,Latung,5.5,120.8833,82.2,75,32,5.37,PH,2021-10-25 00:51:38,scattered clouds
524,Upata,8.0086,-62.3989,72.23,93,100,3.44,VE,2021-10-25 00:51:38,overcast clouds
525,Boende,-0.2167,20.8667,70.95,99,100,1.28,CD,2021-10-25 00:51:38,overcast clouds
526,Shitanjing,39.2342,106.3439,47.39,39,100,3.4,CN,2021-10-25 00:51:39,overcast clouds
527,Vanimo,-2.6741,141.3028,85.33,65,100,6.64,PG,2021-10-25 00:50:42,overcast clouds
528,Acari,-15.4311,-74.6158,65.39,72,24,3.4,PE,2021-10-25 00:51:40,few clouds
529,Kulachi,31.9286,70.4592,64.76,50,0,6.96,PK,2021-10-25 00:51:40,clear sky
530,Astana,51.1801,71.446,35.55,80,0,11.18,KZ,2021-10-25 00:50:08,clear sky
531,Mims,28.6653,-80.8448,79.0,93,40,1.01,US,2021-10-25 00:51:40,light rain
532,Salamanca,40.8333,-6.0,51.62,60,0,3.36,ES,2021-10-25 00:51:41,clear sky
533,Ust-Kut,56.7938,105.7672,39.15,78,100,11.81,RU,2021-10-25 00:51:17,overcast clouds
534,Tarragona,41.129,1.249,60.42,64,0,13.0,ES,2021-10-25 00:51:41,clear sky
535,Nemuro,43.3236,145.575,55.83,70,0,4.97,JP,2021-10-25 00:51:42,clear sky
536,Monrovia,6.3005,-10.7969,75.24,94,100,5.64,LR,2021-10-25 00:51:42,heavy intensity rain
537,Bonthe,7.5264,-12.505,76.42,92,100,3.89,SL,2021-10-25 00:51:42,moderate rain
538,Altay,47.8667,88.1167,31.01,58,0,4.23,CN,2021-10-25 00:51:43,clear sky
539,Yatou,37.15,122.3833,59.36,56,0,3.4,CN,2021-10-25 00:51:43,clear sky
540,Udachnyy,66.4167,112.4,15.06,100,98,3.36,RU,2021-10-25 00:47:44,overcast clouds
541,Dandong,40.1292,124.3947,53.78,70,7,5.17,CN,2021-10-25 00:50:44,clear sky
542,Ulladulla,-35.35,150.4667,66.78,61,90,6.87,AU,2021-10-25 00:51:44,overcast clouds
543,Sola,-13.8833,167.55,88.47,70,75,5.75,VU,2021-10-25 00:51:44,broken clouds
544,Yining,29.0361,114.5636,61.0,67,0,1.23,CN,2021-10-25 00:51:45,clear sky
545,San Andres,12.5847,-81.7006,80.62,89,40,2.3,CO,2021-10-25 00:47:50,scattered clouds
546,Alice Springs,-23.7,133.8833,76.55,23,95,14.97,AU,2021-10-25 00:48:23,overcast clouds
547,Harpanahalli,14.8,75.9833,69.44,88,89,1.41,IN,2021-10-25 00:51:45,overcast clouds
548,Vestmanna,62.1564,-7.1664,49.12,93,90,18.41,FO,2021-10-25 00:51:46,overcast clouds
549,Luderitz,-26.6481,15.1594,59.5,70,0,11.03,NA,2021-10-25 00:48:27,clear sky
550,Cumberland,35.0502,-78.8664,70.57,71,1,5.75,US,2021-10-25 00:50:55,clear sky
551,Olinda,-8.0089,-34.8553,80.33,78,40,6.91,BR,2021-10-25 00:51:46,scattered clouds
552,Ontario,34.0633,-117.6509,72.09,61,1,3.0,US,2021-10-25 00:50:22,clear sky
553,Oranjemund,-28.55,16.4333,59.23,74,0,11.3,NA,2021-10-25 00:51:47,clear sky
554,Alta Floresta,-9.8756,-56.0861,72.21,96,93,4.05,BR,2021-10-25 00:51:11,light rain
555,The Valley,18.217,-63.0578,82.26,75,16,17.43,AI,2021-10-25 00:47:44,few clouds
556,Mana,5.6592,-53.7767,78.24,90,100,10.2,GF,2021-10-25 00:51:47,overcast clouds
557,Nyurba,63.2842,118.3319,32.59,96,100,5.39,RU,2021-10-25 00:51:48,overcast clouds
558,Lulea,65.5842,22.1547,39.27,100,90,11.5,SE,2021-10-25 00:51:48,light rain
559,Bandarbeyla,9.4942,50.8122,77.05,76,10,2.86,SO,2021-10-25 00:51:49,clear sky
560,Melo,-32.3667,-54.1833,54.03,73,0,8.7,UY,2021-10-25 00:51:49,clear sky
561,West Fargo,46.875,-96.9004,46.02,63,90,3.0,US,2021-10-25 00:51:49,overcast clouds
562,Whyalla,-33.0333,137.5833,64.29,48,0,6.91,AU,2021-10-25 00:51:50,clear sky
563,Dhidhdhoo,6.8833,73.1,81.97,77,54,7.29,MV,2021-10-25 00:51:50,broken clouds
564,Cuamba,-14.8031,36.5372,75.45,62,0,7.07,MZ,2021-10-25 00:51:51,clear sky
565,Kalabo,-14.97,22.6814,72.93,63,100,7.45,ZM,2021-10-25 00:48:01,overcast clouds
566,Oudtshoorn,-33.5907,22.2014,46.76,77,0,1.68,ZA,2021-10-25 00:51:51,clear sky
567,Sagua De Tanamo,20.5819,-75.2414,77.23,88,39,4.65,CU,2021-10-25 00:51:52,scattered clouds
568,Klaksvik,62.2266,-6.589,50.92,90,78,23.62,FO,2021-10-25 00:48:13,broken clouds
569,Timbiqui,2.7717,-77.6654,75.79,93,100,1.45,CO,2021-10-25 00:51:52,moderate rain
570,Palana,59.1167,159.9667,25.57,79,49,7.14,RU,2021-10-25 00:51:52,scattered clouds
571,Westport,41.1415,-73.3579,58.98,77,90,5.01,US,2021-10-25 00:51:39,overcast clouds
572,Les Cayes,18.2,-73.75,78.84,80,77,4.65,HT,2021-10-25 00:51:53,broken clouds
573,Camacha,33.0833,-16.3333,65.62,68,40,9.22,PT,2021-10-25 00:51:53,scattered clouds
574,Tual,-5.6667,132.75,83.3,72,100,5.79,ID,2021-10-25 00:51:53,overcast clouds
575,Wiang Sa,8.6359,99.3666,82.81,87,100,1.5,TH,2021-10-25 00:51:54,overcast clouds
576,Bom Conselho,-9.1697,-36.6797,68.07,85,61,6.73,BR,2021-10-25 00:51:54,broken clouds
577,Ishinomaki,38.4167,141.3,55.4,65,80,2.13,JP,2021-10-25 00:51:54,broken clouds
578,Kosikha,53.3617,84.5822,47.17,53,100,13.13,RU,2021-10-25 00:51:55,overcast clouds
579,Arona,28.0996,-16.681,66.74,68,40,8.05,ES,2021-10-25 00:51:55,scattered clouds
580,Sao Sebastiao,-23.76,-45.4097,67.41,92,100,4.56,BR,2021-10-25 00:47:21,moderate rain
581,Comodoro Rivadavia,-45.8667,-67.5,58.86,44,100,43.73,AR,2021-10-25 00:49:19,overcast clouds
582,Olafsvik,64.8945,-23.7142,42.31,89,100,20.98,IS,2021-10-25 00:50:43,overcast clouds
583,Miri,4.4148,114.0089,82.54,83,20,5.75,MY,2021-10-25 00:51:56,few clouds
584,Zhuanghe,39.7008,122.9911,56.73,59,79,3.56,CN,2021-10-25 00:51:56,broken clouds
585,Deputatskiy,69.3,139.9,3.38,96,100,0.76,RU,2021-10-25 00:51:56,overcast clouds
586,Khorixas,-20.3667,14.9667,56.43,52,5,3.02,NA,2021-10-25 00:51:57,clear sky
587,Nuuk,64.1835,-51.7216,23.88,62,0,8.99,GL,2021-10-25 00:51:57,clear sky
588,Mangrol,21.1167,70.1167,76.55,71,5,5.41,IN,2021-10-25 00:51:57,clear sky
589,Ust-Maya,60.4167,134.5333,33.35,98,100,6.91,RU,2021-10-25 00:51:58,light snow
590,Isangel,-19.55,169.2667,82.51,69,75,5.75,VU,2021-10-25 00:48:50,broken clouds
591,Zhob,31.3411,69.4481,51.64,84,0,2.98,PK,2021-10-25 00:51:58,clear sky
592,Aswan,24.0934,32.907,69.1,37,0,8.05,EG,2021-10-25 00:50:53,clear sky
593,Lagos,6.5833,3.75,79.12,89,23,3.78,NG,2021-10-25 00:51:57,few clouds
594,Kamaishi,39.2667,141.8833,49.15,56,8,5.17,JP,2021-10-25 00:51:59,clear sky
595,Mayumba,-3.432,10.6554,76.46,92,100,6.6,GA,2021-10-25 00:49:34,light rain
596,Nguru,12.8791,10.4526,83.28,20,73,7.92,NG,2021-10-25 00:51:59,broken clouds
597,Cap Malheureux,-19.9842,57.6142,74.46,71,89,5.99,MU,2021-10-25 00:52:00,overcast clouds
598,Watsa,3.0372,29.5355,64.47,95,99,2.33,CD,2021-10-25 00:52:00,overcast clouds
599,Marquette,46.5333,-87.6335,42.33,70,100,11.03,US,2021-10-25 00:52:00,overcast clouds
600,Abha,18.2164,42.5053,55.22,67,0,0.0,SA,2021-10-25 00:52:01,clear sky
601,Icusesti,46.8,26.9333,37.51,77,21,1.99,RO,2021-10-25 00:52:01,few clouds
602,Yaransk,57.3033,47.8861,31.73,93,100,15.03,RU,2021-10-25 00:52:02,snow
603,Kalikapur,22.6167,86.2833,69.66,77,41,3.04,IN,2021-10-25 00:52:02,scattered clouds
604,Tamandare,-8.7597,-35.1047,76.68,79,8,8.37,BR,2021-10-25 00:52:03,clear sky
605,Belorechensk,44.76,39.87,41.72,91,100,2.51,RU,2021-10-25 00:52:03,overcast clouds
606,Yarmouth,41.7057,-70.2286,56.97,81,1,1.01,US,2021-10-25 00:52:03,clear sky
607,Kasongo-Lunda,-6.4667,16.8167,70.16,95,15,0.85,CD,2021-10-25 00:52:03,few clouds
608,Eureka,40.8021,-124.1637,59.61,83,100,3.0,US,2021-10-25 00:50:00,light rain
609,Juterbog,51.9833,13.0833,43.63,91,3,7.54,DE,2021-10-25 00:52:04,clear sky
610,Viedma,-40.8135,-62.9967,70.79,29,100,35.19,AR,2021-10-25 00:52:04,overcast clouds
611,Ustka,54.5805,16.8619,42.37,78,8,12.95,PL,2021-10-25 00:52:05,clear sky
612,Knyaze-Volkonskoye,48.4642,135.4567,50.34,53,7,11.23,RU,2021-10-25 00:52:05,clear sky
613,Mopti,14.6667,-4.0,84.24,74,46,4.61,ML,2021-10-25 00:52:05,scattered clouds
614,Dakar,14.6937,-17.4441,79.68,89,20,0.0,SN,2021-10-25 00:50:01,light rain
615,Usinsk,65.9939,57.5281,19.27,97,100,7.16,RU,2021-10-25 00:52:06,overcast clouds
616,Kabo,7.6994,18.629,73.09,92,100,3.47,CF,2021-10-25 00:52:06,overcast clouds
617,Guaranesia,-21.2992,-46.8025,65.62,83,100,3.29,BR,2021-10-25 00:52:07,overcast clouds
618,Warwick,41.7001,-71.4162,53.89,85,98,3.65,US,2021-10-25 00:52:07,overcast clouds
619,Rosetta,31.4044,30.4164,69.62,70,3,8.3,EG,2021-10-25 00:52:07,clear sky
620,Shaunavon,49.6501,-108.4181,47.98,50,100,15.1,CA,2021-10-25 00:52:08,overcast clouds
621,Gotsu,35.0,132.2167,53.74,59,100,5.5,JP,2021-10-25 00:52:08,overcast clouds
622,Adet,11.2644,37.4888,53.98,75,16,3.44,ET,2021-10-25 00:52:09,few clouds
623,Tommot,58.9564,126.2925,37.02,79,98,9.28,RU,2021-10-25 00:52:09,overcast clouds
624,Fort Abbas,29.1925,72.8536,71.08,69,1,5.48,PK,2021-10-25 00:52:09,clear sky
625,Bambanglipuro,-7.95,110.2833,82.51,67,14,4.97,ID,2021-10-25 00:52:10,few clouds
626,Garden City,42.3256,-83.331,48.92,95,90,3.0,US,2021-10-25 00:49:36,light rain
627,Kango,0.1943,10.0951,73.42,99,56,1.63,GA,2021-10-25 00:52:10,broken clouds
628,Emerald,-23.5333,148.1667,90.34,37,100,6.91,AU,2021-10-25 00:52:11,light rain
629,Hirara,24.8,125.2833,78.66,69,75,11.5,JP,2021-10-25 00:52:11,broken clouds
630,Stavanger,58.9701,5.7333,51.89,93,75,11.99,NO,2021-10-25 00:52:11,mist
631,Novomikhaylovskiy,44.2581,38.8578,43.88,84,29,8.57,RU,2021-10-25 00:52:12,scattered clouds
632,Novobelokatay,55.7062,58.9549,33.91,94,90,7.09,RU,2021-10-25 00:52:12,overcast clouds
633,Bloemfontein,-29.1211,26.214,49.48,76,0,4.61,ZA,2021-10-25 00:48:24,clear sky
634,Dicabisagan,17.0818,122.4157,78.46,82,100,1.1,PH,2021-10-25 00:52:12,heavy intensity rain
635,Kautokeino,69.0125,23.0412,19.36,95,100,3.83,NO,2021-10-25 00:52:13,light snow
636,Gualaquiza,-3.4,-78.55,64.69,97,57,2.01,EC,2021-10-25 00:52:13,light rain
637,Honningsvag,70.9821,25.9704,35.51,69,42,14.18,NO,2021-10-25 00:51:36,scattered clouds
638,Pangai,-19.8,-174.35,80.71,50,20,17.27,TO,2021-10-25 00:52:14,few clouds
639,Bella Vista,36.4295,-94.2316,72.28,85,1,12.66,US,2021-10-25 00:49:40,clear sky
640,Mount Gambier,-37.8333,140.7667,55.31,62,90,9.22,AU,2021-10-25 00:52:14,overcast clouds
641,Purna,19.1833,77.05,66.99,73,57,3.36,IN,2021-10-25 00:52:15,broken clouds
642,Diglur,18.55,77.6,66.6,74,64,2.44,IN,2021-10-25 00:52:15,broken clouds
643,Rapid Valley,44.0625,-103.1463,52.32,70,1,1.01,US,2021-10-25 00:52:15,clear sky
644,Yurla,59.3259,54.3223,34.75,99,100,2.84,RU,2021-10-25 00:52:16,light rain
645,Nogliki,51.8333,143.1667,43.34,76,29,11.81,RU,2021-10-25 00:52:16,scattered clouds
646,Kraskino,42.7114,130.7794,53.22,45,0,4.36,RU,2021-10-25 00:52:16,clear sky
647,Rabaul,-4.1967,152.1721,82.54,72,96,4.5,PG,2021-10-25 00:50:10,overcast clouds
648,Santiago De Cao,-7.9589,-79.2392,60.93,82,40,9.22,PE,2021-10-25 00:52:17,scattered clouds
649,Pokhara,28.2333,83.9833,59.76,61,0,6.78,NP,2021-10-25 00:52:17,clear sky
650,Coihaique,-45.5752,-72.0662,46.35,81,90,5.75,CL,2021-10-25 00:50:02,moderate rain
651,Suhbaatar,50.2314,106.2078,35.67,59,95,3.8,MN,2021-10-25 00:52:18,overcast clouds
652,Fereydunshahr,32.941,50.121,32.92,71,0,2.17,IR,2021-10-25 00:52:18,clear sky
653,Bodden Town,19.2833,-81.25,84.2,81,20,5.99,KY,2021-10-25 00:52:19,few clouds
654,Shiyan,32.6475,110.7781,58.55,69,84,1.5,CN,2021-10-25 00:52:19,broken clouds
655,Sao Desiderio,-12.3633,-44.9733,79.61,66,100,2.75,BR,2021-10-25 00:52:19,moderate rain
656,Launceston,-41.45,147.1667,57.79,63,90,8.99,AU,2021-10-25 00:52:20,overcast clouds
657,Dondo,-19.6094,34.7431,75.51,86,78,8.61,MZ,2021-10-25 00:52:20,light rain
658,Neya,58.2972,43.8681,27.27,89,20,8.9,RU,2021-10-25 00:52:20,few clouds
